"id","first_name","last_name","address"
"1","John","Smith","123 Main St, Anytown, USA"
"2","Emily","Johnson","456 Elm St, Anotherville, USA"
"3","Michael","Williams","789 Oak St, Smalltown, USA"
"4","Sarah","Brown","101 Pine St, Countryside, USA"
"5","David","Jones","246 Maple St, Suburbia, USA"
"6","Maria","Martinez","567 Birch St, Cityville, USA"
"7","James","Anderson","876 Willow St, Townsville, USA"
"8","Linda","Davis","543 Cedar St, Villegetown, USA"
"9","Robert","Garcia","789 Oak St, Riverside, USA"
"10","Susan","Clark","112 Pine St, Hillside, USA"
"11","William","Lee","321 Redwood St, Mountainview, USA"
"12","Patricia","Wilson","654 Elm St, Lakeside, USA"
"13","Richard","Hall","890 Oak St, Riverside, USA"
"14","Jessica","Moore","456 Birch St, Cityville, USA"
"15","Thomas","Johnson","756 Willow St, Townsville, USA"
